-- MySQL Script generated by MySQL Workbench
-- Mon 14 Jan 2019 05:13:44 PM CET
-- Model: New Model    Version: 1.0
-- MySQL Workbench Forward Engineering

SET @OLD_UNIQUE_CHECKS=@@UNIQUE_CHECKS, UNIQUE_CHECKS=0;
SET @OLD_FOREIGN_KEY_CHECKS=@@FOREIGN_KEY_CHECKS, FOREIGN_KEY_CHECKS=0;
SET @OLD_SQL_MODE=@@SQL_MODE, SQL_MODE='ONLY_FULL_GROUP_BY,STRICT_TRANS_TABLES,NO_ZERO_IN_DATE,NO_ZERO_DATE,ERROR_FOR_DIVISION_BY_ZERO,NO_ENGINE_SUBSTITUTION';

-- -----------------------------------------------------
-- Schema abp32
-- -----------------------------------------------------
DROP SCHEMA IF EXISTS `abp32` ;

-- -----------------------------------------------------
-- Schema abp32
-- -----------------------------------------------------
CREATE SCHEMA IF NOT EXISTS `abp32` ;
USE `abp32` ;

-- -----------------------------------------------------
-- Table `abp32`.`Usuario_Registrado`
-- -----------------------------------------------------
DROP TABLE IF EXISTS `abp32`.`Usuario_Registrado` ;

CREATE TABLE IF NOT EXISTS `abp32`.`Usuario_Registrado` (
  `userId` VARCHAR(20) NOT NULL,
  `nombreCompleto` VARCHAR(45) NOT NULL,
  `email` VARCHAR(45) NOT NULL,
  `password` VARCHAR(25) NOT NULL,
  PRIMARY KEY (`userId`))
ENGINE = InnoDB;

CREATE UNIQUE INDEX `email_UNIQUE` ON `abp32`.`Usuario_Registrado` (`email` ASC) ;


-- -----------------------------------------------------
-- Table `abp32`.`Administrador`
-- -----------------------------------------------------
DROP TABLE IF EXISTS `abp32`.`Administrador` ;

CREATE TABLE IF NOT EXISTS `abp32`.`Administrador` (
  `userId` VARCHAR(20) NOT NULL,
  PRIMARY KEY (`userId`),
  CONSTRAINT `fk_Administrador_userId`
    FOREIGN KEY (`userId`)
    REFERENCES `abp32`.`Usuario_Registrado` (`userId`)
    ON DELETE CASCADE
    ON UPDATE CASCADE)
ENGINE = InnoDB;


-- -----------------------------------------------------
-- Table `abp32`.`Partido`
-- -----------------------------------------------------
DROP TABLE IF EXISTS `abp32`.`Partido` ;

CREATE TABLE IF NOT EXISTS `abp32`.`Partido` (
  `idPartido` INT NOT NULL AUTO_INCREMENT,
  `idPista` INT NULL,
  `horario` DATETIME NOT NULL,
  PRIMARY KEY (`idPartido`))
ENGINE = InnoDB;


-- -----------------------------------------------------
-- Table `abp32`.`Pista`
-- -----------------------------------------------------
DROP TABLE IF EXISTS `abp32`.`Pista` ;

CREATE TABLE IF NOT EXISTS `abp32`.`Pista` (
  `idPista` INT NOT NULL AUTO_INCREMENT,
  `tipoSuelo` VARCHAR(20) NOT NULL,
  `horaInicio` TIME NOT NULL,
  `horaFin` TIME NOT NULL,
  PRIMARY KEY (`idPista`))
ENGINE = InnoDB;


-- -----------------------------------------------------
-- Table `abp32`.`Deportista`
-- -----------------------------------------------------
DROP TABLE IF EXISTS `abp32`.`Deportista` ;

CREATE TABLE IF NOT EXISTS `abp32`.`Deportista` (
  `userId` VARCHAR(20) NOT NULL,
  `isSocio` TINYINT NOT NULL,
  `nivel` TINYINT(2) NULL,
  `genero` VARCHAR(2) NOT NULL,
  PRIMARY KEY (`userId`),
  CONSTRAINT `fk_Deportista_userId`
    FOREIGN KEY (`userId`)
    REFERENCES `abp32`.`Usuario_Registrado` (`userId`)
    ON DELETE CASCADE
    ON UPDATE CASCADE)
ENGINE = InnoDB;


-- -----------------------------------------------------
-- Table `abp32`.`Deportistas_Partido`
-- -----------------------------------------------------
DROP TABLE IF EXISTS `abp32`.`Deportistas_Partido` ;

CREATE TABLE IF NOT EXISTS `abp32`.`Deportistas_Partido` (
  `idPartido` INT NOT NULL,
  `userId` VARCHAR(20) NOT NULL,
  PRIMARY KEY (`idPartido`, `userId`),
  CONSTRAINT `fk_Deportistas_Partido_idPartido`
    FOREIGN KEY (`idPartido`)
    REFERENCES `abp32`.`Partido` (`idPartido`)
    ON DELETE CASCADE
    ON UPDATE CASCADE,
  CONSTRAINT `fk_Deportistas_Partido_userId`
    FOREIGN KEY (`userId`)
    REFERENCES `abp32`.`Deportista` (`userId`)
    ON DELETE CASCADE
    ON UPDATE CASCADE)
ENGINE = InnoDB;

CREATE INDEX `userId_idx` ON `abp32`.`Deportistas_Partido` (`userId` ASC) ;


-- -----------------------------------------------------
-- Table `abp32`.`Categoria`
-- -----------------------------------------------------
DROP TABLE IF EXISTS `abp32`.`Categoria` ;

CREATE TABLE IF NOT EXISTS `abp32`.`Categoria` (
  `idCategoria` INT NOT NULL,
  `genero` VARCHAR(2) NULL,
  `nivel` TINYINT(2) NOT NULL,
  PRIMARY KEY (`idCategoria`))
ENGINE = InnoDB;


-- -----------------------------------------------------
-- Table `abp32`.`Campeonato`
-- -----------------------------------------------------
DROP TABLE IF EXISTS `abp32`.`Campeonato` ;

CREATE TABLE IF NOT EXISTS `abp32`.`Campeonato` (
  `idCampeonato` INT NOT NULL AUTO_INCREMENT,
  `nombre` VARCHAR(50) NOT NULL,
  `maxParticipantes` SMALLINT(4) NULL,
  `normativa` VARCHAR(100) NOT NULL,
  `fechaLimite` DATETIME NOT NULL,
  PRIMARY KEY (`idCampeonato`))
ENGINE = InnoDB;

CREATE UNIQUE INDEX `nombre_UNIQUE` ON `abp32`.`Campeonato` (`nombre` ASC) ;


-- -----------------------------------------------------
-- Table `abp32`.`Categorias_Campeonato`
-- -----------------------------------------------------
DROP TABLE IF EXISTS `abp32`.`Categorias_Campeonato` ;

CREATE TABLE IF NOT EXISTS `abp32`.`Categorias_Campeonato` (
  `idCategoria` INT NOT NULL,
  `idCampeonato` INT NOT NULL,
  PRIMARY KEY (`idCategoria`, `idCampeonato`),
  CONSTRAINT `fk_Categorias_Campeonato_idCategoria`
    FOREIGN KEY (`idCategoria`)
    REFERENCES `abp32`.`Categoria` (`idCategoria`)
    ON DELETE CASCADE
    ON UPDATE CASCADE,
  CONSTRAINT `fk_Categorias_Campeonato_idCampeonato`
    FOREIGN KEY (`idCampeonato`)
    REFERENCES `abp32`.`Campeonato` (`idCampeonato`)
    ON DELETE CASCADE
    ON UPDATE CASCADE)
ENGINE = InnoDB;

CREATE INDEX `fk_Categorias_Campeonato_idCampeonato_idx` ON `abp32`.`Categorias_Campeonato` (`idCampeonato` ASC) ;


-- -----------------------------------------------------
-- Table `abp32`.`Grupo`
-- -----------------------------------------------------
DROP TABLE IF EXISTS `abp32`.`Grupo` ;

CREATE TABLE IF NOT EXISTS `abp32`.`Grupo` (
  `idGrupo` INT NOT NULL AUTO_INCREMENT,
  `idCategoria` INT NOT NULL,
  `idCampeonato` INT NOT NULL,
  PRIMARY KEY (`idGrupo`),
  CONSTRAINT `fk_Grupo_idCategoria`
    FOREIGN KEY (`idCategoria` , `idCampeonato`)
    REFERENCES `abp32`.`Categorias_Campeonato` (`idCategoria` , `idCampeonato`)
    ON DELETE CASCADE
    ON UPDATE CASCADE)
ENGINE = InnoDB;

CREATE INDEX `fk_Grupo_idCategoria_idx` ON `abp32`.`Grupo` (`idCategoria` ASC, `idCampeonato` ASC) ;


-- -----------------------------------------------------
-- Table `abp32`.`Pareja`
-- -----------------------------------------------------
DROP TABLE IF EXISTS `abp32`.`Pareja` ;

CREATE TABLE IF NOT EXISTS `abp32`.`Pareja` (
  `idPareja` INT NOT NULL AUTO_INCREMENT,
  `capitan` VARCHAR(20) NULL DEFAULT NULL,
  `par` VARCHAR(20) NULL DEFAULT NULL,
  `idGrupo` INT NULL DEFAULT NULL,
  PRIMARY KEY (`idPareja`),
  CONSTRAINT `fk_Pareja_capitan`
    FOREIGN KEY (`capitan`)
    REFERENCES `abp32`.`Deportista` (`userId`)
    ON DELETE CASCADE
    ON UPDATE CASCADE,
  CONSTRAINT `fk_Pareja_grupo`
    FOREIGN KEY (`idGrupo`)
    REFERENCES `abp32`.`Grupo` (`idGrupo`)
    ON DELETE CASCADE
    ON UPDATE CASCADE,
  CONSTRAINT `fk_Pareja_par`
    FOREIGN KEY (`par`)
    REFERENCES `abp32`.`Deportista` (`userId`)
    ON DELETE CASCADE
    ON UPDATE CASCADE)
ENGINE = InnoDB;

CREATE INDEX `fk_Pareja_capitan_idx` ON `abp32`.`Pareja` (`capitan` ASC) ;

CREATE INDEX `fk_Pareja_grupo_idx` ON `abp32`.`Pareja` (`idGrupo` ASC) ;

CREATE INDEX `fk_Pareja_par_idx` ON `abp32`.`Pareja` (`par` ASC) ;


-- -----------------------------------------------------
-- Table `abp32`.`Parejas_Grupo`
-- -----------------------------------------------------
DROP TABLE IF EXISTS `abp32`.`Parejas_Grupo` ;

CREATE TABLE IF NOT EXISTS `abp32`.`Parejas_Grupo` (
  `idGrupo` INT NOT NULL,
  `idPareja` INT NOT NULL,
  PRIMARY KEY (`idGrupo`, `idPareja`),
  CONSTRAINT `fk_Parejas_Grupo_idGrupo`
    FOREIGN KEY (`idGrupo`)
    REFERENCES `abp32`.`Grupo` (`idGrupo`)
    ON DELETE CASCADE
    ON UPDATE CASCADE,
  CONSTRAINT `fk_Parejas_Grupo_idPareja`
    FOREIGN KEY (`idPareja`)
    REFERENCES `abp32`.`Pareja` (`idPareja`)
    ON DELETE CASCADE
    ON UPDATE CASCADE)
ENGINE = InnoDB;

CREATE INDEX `idGrupo_idx` ON `abp32`.`Parejas_Grupo` (`idGrupo` ASC) ;


-- -----------------------------------------------------
-- Table `abp32`.`Enfrentamiento`
-- -----------------------------------------------------
DROP TABLE IF EXISTS `abp32`.`Enfrentamiento` ;

CREATE TABLE IF NOT EXISTS `abp32`.`Enfrentamiento` (
  `idEnfrentamiento` INT NOT NULL AUTO_INCREMENT,
  `resultado` VARCHAR(11) NULL,
  `idPareja1` INT NOT NULL,
  `idPareja2` INT NOT NULL,
  `idGrupo` INT NOT NULL,
  `idPista` INT NULL,
  `horario` DATETIME NULL,
  `ganador` INT NULL,
  `ronda` VARCHAR(1) NOT NULL,
  PRIMARY KEY (`idEnfrentamiento`),
  CONSTRAINT `fk_Enfrentamiento_idPareja1`
    FOREIGN KEY (`idPareja1`)
    REFERENCES `abp32`.`Parejas_Grupo` (`idPareja`)
    ON DELETE CASCADE
    ON UPDATE CASCADE,
  CONSTRAINT `fk_Enfrentamiento_idGrupo`
    FOREIGN KEY (`idGrupo`)
    REFERENCES `abp32`.`Grupo` (`idGrupo`)
    ON DELETE CASCADE
    ON UPDATE CASCADE,
  CONSTRAINT `fk_Enfrentamiento_idPista`
    FOREIGN KEY (`idPista`)
    REFERENCES `abp32`.`Pista` (`idPista`)
    ON DELETE CASCADE
    ON UPDATE CASCADE)
ENGINE = InnoDB;

CREATE INDEX `idGrupo_idx` ON `abp32`.`Enfrentamiento` (`idGrupo` ASC) ;

CREATE INDEX `idPista_idx` ON `abp32`.`Enfrentamiento` (`idPista` ASC) ;

CREATE INDEX `idPareja_idx` ON `abp32`.`Enfrentamiento` (`idPareja1` ASC) ;


-- -----------------------------------------------------
-- Table `abp32`.`Parejas_Categoria`
-- -----------------------------------------------------
DROP TABLE IF EXISTS `abp32`.`Parejas_Categoria` ;

CREATE TABLE IF NOT EXISTS `abp32`.`Parejas_Categoria` (
  `idPareja` INT NOT NULL,
  `idCategoria` INT NOT NULL,
  `idCampeonato` INT NOT NULL,
  PRIMARY KEY (`idPareja`, `idCategoria`),
  CONSTRAINT `fk_Parejas_Categoria_idPareja`
    FOREIGN KEY (`idPareja`)
    REFERENCES `abp32`.`Pareja` (`idPareja`)
    ON DELETE NO ACTION
    ON UPDATE NO ACTION,
  CONSTRAINT `fk_Parejas_Categoria_idCategoria`
    FOREIGN KEY (`idCategoria` , `idCampeonato`)
    REFERENCES `abp32`.`Categorias_Campeonato` (`idCategoria` , `idCampeonato`)
    ON DELETE NO ACTION
    ON UPDATE NO ACTION)
ENGINE = InnoDB;

CREATE UNIQUE INDEX `idPareja_UNIQUE` ON `abp32`.`Parejas_Categoria` (`idPareja` ASC) ;

CREATE INDEX `fk_Parejas_Categoria_idCategoria_idx` ON `abp32`.`Parejas_Categoria` (`idCategoria` ASC, `idCampeonato` ASC) ;


-- -----------------------------------------------------
-- Table `abp32`.`Entrenador`
-- -----------------------------------------------------
DROP TABLE IF EXISTS `abp32`.`Entrenador` ;

CREATE TABLE IF NOT EXISTS `abp32`.`Entrenador` (
  `userId` VARCHAR(20) NOT NULL,
  PRIMARY KEY (`userId`),
  CONSTRAINT `fk_Entrenador_userId`
    FOREIGN KEY (`userId`)
    REFERENCES `abp32`.`Usuario_Registrado` (`userId`)
    ON DELETE CASCADE
    ON UPDATE CASCADE)
ENGINE = InnoDB;


-- -----------------------------------------------------
-- Table `abp32`.`Clase`
-- -----------------------------------------------------
DROP TABLE IF EXISTS `abp32`.`Clase` ;

CREATE TABLE IF NOT EXISTS `abp32`.`Clase` (
  `idClase` INT NOT NULL AUTO_INCREMENT,
  `nivel` TINYINT(2) NOT NULL,
  `creador` VARCHAR(20) NULL,
  `idEntrenador` VARCHAR(20) NOT NULL,
  `horario` DATETIME NOT NULL,
  PRIMARY KEY (`idClase`),
  CONSTRAINT `fk_Clase_creador`
    FOREIGN KEY (`creador`)
    REFERENCES `abp32`.`Usuario_Registrado` (`userId`)
    ON DELETE NO ACTION
    ON UPDATE NO ACTION,
  CONSTRAINT `fk_Clase_entrenador`
    FOREIGN KEY (`idEntrenador`)
    REFERENCES `abp32`.`Entrenador` (`userId`)
    ON DELETE CASCADE
    ON UPDATE CASCADE)
ENGINE = InnoDB;

CREATE INDEX `fk_Clase_entrenador_idx` ON `abp32`.`Clase` (`idEntrenador` ASC) ;

CREATE INDEX `fk_Clase_creador_idx` ON `abp32`.`Clase` (`creador` ASC) ;


-- -----------------------------------------------------
-- Table `abp32`.`Calendario`
-- -----------------------------------------------------
DROP TABLE IF EXISTS `abp32`.`Calendario` ;

CREATE TABLE IF NOT EXISTS `abp32`.`Calendario` (
  `idCalendario` INT NOT NULL AUTO_INCREMENT,
  `FechaHoraInicio` DATETIME NOT NULL,
  `FechaHoraFin` DATETIME NOT NULL,
  `idPista` INT NOT NULL,
  `userId` VARCHAR(20) NULL,
  `tipoReserva` VARCHAR(20) NULL,
  PRIMARY KEY (`idCalendario`),
  CONSTRAINT `fk_Calendario_idPista`
    FOREIGN KEY (`idPista`)
    REFERENCES `abp32`.`Pista` (`idPista`)
    ON DELETE CASCADE
    ON UPDATE CASCADE,
  CONSTRAINT `fk_Calendario_userId`
    FOREIGN KEY (`userId`)
    REFERENCES `abp32`.`Usuario_Registrado` (`userId`)
    ON DELETE CASCADE
    ON UPDATE CASCADE)
ENGINE = InnoDB;

CREATE INDEX `fk_Calendario_userId_idx` ON `abp32`.`Calendario` (`userId` ASC) ;


-- -----------------------------------------------------
-- Table `abp32`.`Calendario_Clase`
-- -----------------------------------------------------
DROP TABLE IF EXISTS `abp32`.`Calendario_Clase` ;

CREATE TABLE IF NOT EXISTS `abp32`.`Calendario_Clase` (
  `idClase` INT NOT NULL,
  `idCalendario` INT NOT NULL,
  PRIMARY KEY (`idClase`, `idCalendario`),
  CONSTRAINT `fk_Calendario_Clase_IdClase`
    FOREIGN KEY (`idClase`)
    REFERENCES `abp32`.`Clase` (`idClase`)
    ON DELETE CASCADE
    ON UPDATE CASCADE,
  CONSTRAINT `fk_Calendario_Clase_IdCalendario`
    FOREIGN KEY (`idCalendario`)
    REFERENCES `abp32`.`Calendario` (`idCalendario`)
    ON DELETE CASCADE
    ON UPDATE CASCADE)
ENGINE = InnoDB;

CREATE INDEX `fk_Calendario_Clase_HoraInicio_idx` ON `abp32`.`Calendario_Clase` (`idCalendario` ASC) ;


-- -----------------------------------------------------
-- Table `abp32`.`Asistencia`
-- -----------------------------------------------------
DROP TABLE IF EXISTS `abp32`.`Asistencia` ;

CREATE TABLE IF NOT EXISTS `abp32`.`Asistencia` (
  `userId` VARCHAR(20) NOT NULL,
  `idClase` INT NOT NULL,
  `fecha` DATETIME NOT NULL,
  `control` TINYINT(1) NULL,
  PRIMARY KEY (`userId`, `idClase`, `fecha`),
  CONSTRAINT `fk_Asistencia_userId`
    FOREIGN KEY (`userId`)
    REFERENCES `abp32`.`Deportista` (`userId`)
    ON DELETE CASCADE
    ON UPDATE CASCADE,
  CONSTRAINT `fk_Asistencia_idClase`
    FOREIGN KEY (`idClase`)
    REFERENCES `abp32`.`Clase` (`idClase`)
    ON DELETE CASCADE
    ON UPDATE CASCADE)
ENGINE = InnoDB;

CREATE INDEX `fk_Deportistas_Clase_idClase_idx` ON `abp32`.`Asistencia` (`idClase` ASC) ;


-- -----------------------------------------------------
-- Table `abp32`.`FechasPreseleccionadas`
-- -----------------------------------------------------
DROP TABLE IF EXISTS `abp32`.`FechasPreseleccionadas` ;

CREATE TABLE IF NOT EXISTS `abp32`.`FechasPreseleccionadas` (
  `fecha` DATETIME NOT NULL,
  `idEnfrentamiento` INT NOT NULL,
  PRIMARY KEY (`fecha`, `idEnfrentamiento`),
  CONSTRAINT `fk_FechasPreseleccionadas_idEnfrentamient`
    FOREIGN KEY (`idEnfrentamiento`)
    REFERENCES `abp32`.`Enfrentamiento` (`idEnfrentamiento`)
    ON DELETE CASCADE
    ON UPDATE CASCADE)
ENGINE = InnoDB;

CREATE INDEX `fk_FechasPreseleccionadas_idEnfrentamient_idx` ON `abp32`.`FechasPreseleccionadas` (`idEnfrentamiento` ASC) ;


-- -----------------------------------------------------
-- Table `abp32`.`Mensaje`
-- -----------------------------------------------------
DROP TABLE IF EXISTS `abp32`.`Mensaje` ;

CREATE TABLE IF NOT EXISTS `abp32`.`Mensaje` (
  `idMensaje` INT NOT NULL AUTO_INCREMENT,
  `userId` VARCHAR(20) NOT NULL,
  `mensaje` VARCHAR(280) NOT NULL,
  `fecha` DATETIME NOT NULL,
  PRIMARY KEY (`idMensaje`),
  CONSTRAINT `fk_Message_userId`
    FOREIGN KEY (`userId`)
    REFERENCES `abp32`.`Deportista` (`userId`)
    ON DELETE CASCADE
    ON UPDATE CASCADE)
ENGINE = InnoDB;

CREATE INDEX `fk_Message_userId_idx` ON `abp32`.`Mensaje` (`userId` ASC) ;


-- -----------------------------------------------------
-- Table `abp32`.`Deportistas_Clase`
-- -----------------------------------------------------
DROP TABLE IF EXISTS `abp32`.`Deportistas_Clase` ;

CREATE TABLE IF NOT EXISTS `abp32`.`Deportistas_Clase` (
  `userId` VARCHAR(20) NOT NULL,
  `idClase` INT NOT NULL,
  PRIMARY KEY (`userId`, `idClase`),
  CONSTRAINT `fk_Deportistas_Clase_userId`
    FOREIGN KEY (`userId`)
    REFERENCES `abp32`.`Deportista` (`userId`)
    ON DELETE NO ACTION
    ON UPDATE NO ACTION,
  CONSTRAINT `fk_Deportistas_Clase_idClase`
    FOREIGN KEY (`idClase`)
    REFERENCES `abp32`.`Clase` (`idClase`)
    ON DELETE CASCADE
    ON UPDATE CASCADE)
ENGINE = InnoDB;

CREATE INDEX `fk_Deportistas_Clase_classId_idx` ON `abp32`.`Deportistas_Clase` (`idClase` ASC) ;


SET SQL_MODE=@OLD_SQL_MODE;
SET FOREIGN_KEY_CHECKS=@OLD_FOREIGN_KEY_CHECKS;
SET UNIQUE_CHECKS=@OLD_UNIQUE_CHECKS;


INSERT INTO `Usuario_Registrado` (`userId`, `password`, `nombreCompleto`, `email`) VALUES
('11111111A', 'avazquez', 'Antía Vázquez Fernández', 'avazquezf@gmail.com'),
('11111111B', 'rperez1', 'Rodrigo Pérez Salgado', 'rp1@gmail.com'),
('11111111C', 'jvazquez', 'Jose Vazquez Lorenzo', 'jvl@gmail.com'),
('11111111D', 'jlorenzo', 'Juan Lorenzo Vazquez', 'jlv@gmail.com'),
('11111111E', 'smarino', 'Santiago Marino Azul', 'sma@gmail.com'),
('11111111F', 'pcachamoeira', 'Pepe Cachamoeira Martinez', 'pcm@gmail.com'),
('11111111G', 'mvazquez', 'Manuel Vazquez Gomez', 'mvg@gmail.com'),
('11111111H', 'avazquez', 'Antía Vázquez Fernández', 'auezf@gmail.com'),
('11111111I', 'mhermoso', 'Maria Hermoso Gonzalez', 'mhg@gmail.com'),
('22222222A', 'pcid', 'Pilar Cid Fernandez', 'pcf@gmail.com'),
('22222222B', 'dperez', 'Diego Pérez Solla', 'dperez@gmail.com'),
('22222222C', 'asousa', 'Alvaro Sousa Justo', 'asj@gmail.com'),
('22222222D', 'mtorres', 'Martin Torres Camba', 'mtc@gmail.com'),
('22222222E', 'ablanco', 'Adrian Blanco Vieira', 'abv@gmail.com'),
('22222222F', 'dvazquez', 'Diego Vazquez Losada', 'dvl@gmail.com'),
('22222222G', 'dsaiz', 'Daniel Saiz Sanchez', 'dss@gmail.com'),
('22222222H', 'xcosme', 'Xabier Cosme Perez', 'xcp@gmail.com'),
('22222222I', 'mpena', 'Maria Pena Dominguez', 'mpd@gmail.com'),
('33333333A', 'mdfernandez', 'María Dolores Fernández Corbillón', 'me@hotmail.com'),
('33333333B', 'mvv', 'Maria del Carmen Vazquez Vazquez', 'mvv@hotmail.com'),
('33333333C', 'icid', 'Iván Cid Fernández', 'icid@gmail.com'),
('33333333D', 'ciglesias', 'Cristian Iglesias Gonzalez', 'cig@gmail.com'),
('33333333E', 'acortes', 'Abel Cortes Perez', 'acp@gmail.com'),
('33333333F', 'jpacreu', 'Josep Pacreu Terradas', 'jpt@gmail.com'),
('33333333G', 'jbenito', 'Jacobo Benito Ferreiro', 'jbf@gmail.com'),
('33333333H', 'mgarcia', 'Marcos Garcia Rodriguez', 'mgr@gmail.com'),
('33333333I', 'mascaballero', 'Miguel Angel Caballero Santos', 'mcs@gmail.com'),
('44444444A', 'dguerra', 'David Guerra Trujillo', 'dgt@gmail.com'),
('44444444B', 'pcorbillon', 'Pilar Corbillón Fernández', 'po@gmail.com'),
('44444444C', 'cvazquez', 'Concepción Vazquez Gonzalez', 'cvg@gmail.com'),
('44444444D', 'jmvazquez', 'José Manuel Vázquez Vázquez', 'jmvazquez@gmail.com'),
('44444444E', 'msanchez', 'Manuel Sanchez Samoano', 'mss@gmail.com'),
('44444444F', 'aeriz', 'Alberto Eiriz Garcia', 'aeg@gmail.com'),
('44444444G', 'agomez', 'Alberto Gomez Vazquez', 'agv@gmail.com'),
('44444444H', 'ocabrera', 'Octavio Cabrera Monzon', 'ocm@gmail.com'),
('44444444I', 'jlotero', 'José Luis Otero Bastida', 'job@gmail.com'),
('55555555A', 'aiglesias', 'Alberto Iglesias López', 'xf@gmail.com'),
('55555555B', 'dmallou', 'Diego Mallou Cea', 'dmc@gmail.com'),
('55555555E', 'lsouto', 'Lara Souto Alonso', 'lsouto@gmail.com'),
('55555555F', 'usouto', 'Uxia Souto Alonso', 'usa@gmail.com'),
('55555555G', 'mealonso', 'Maria Elena Alonso Barral', 'mab@gmail.com'),
('55555555H', 'cgrande', 'Clotilde Grande Fernandez', 'cgf@gmail.com'),
('55555555I', 'cnoguerol', 'Carlos Noguerol Barrenechea', 'cnb@gmail.com'),
('66666666A', 'dlopez', 'Diego López Vázquez', 'zx@hotmail.com'),
('66666666B', 'ggomez', 'Guzman Gomez Vicente', 'ggv@hotmail.com'),
('66666666C', 'dfernandez', 'Daniel Fernandez Stefanuto', 'dfs@hotmail.com'),
('66666666F', 'mperez', 'Marta Perez Pena', 'mpp@hotmail.com'),
('66666666G', 'asantos', 'Alicia Santos Sanchez', 'ass@hotmail.com'),
('66666666H', 'amontero', 'Almudena Montero Montero', 'amm@hotmail.com'),
('66666666I', 'tgomez', 'Teresa Gomez Gonzales', 'tgg@hotmail.com'),
('77777777A', 'mvazquez', 'Marcos Vázquez Fernández', 'mvaz@gmail.com'),
('77777777B', 'mgranados', 'Miguel Garcia Granados', 'mgg@gmail.com'),
('77777777C', 'agarcia', 'Anton Garcia Rodriguez', 'agr@gmail.com'),
('77777777D', 'rpolanco', 'Roberto Polanco Nuñez', 'rpn@gmail.com'),
('77777777G', 'ifernandez', 'Ismael Fernandez Santos', 'ifs@gmail.com'),
('77777777H', 'freyes', 'Felipe Reyes Gonzalez', 'frg@gmail.com'),
('77777777I', 'sllull', 'Sergio Llull Monzon', 'slm@gmail.com'),
('88888888A', 'dsalgado', 'Delfina Salgado Crende', 'dsc@gmail.com'),
('88888888B', 'jgrande', 'Josefa Grande Menor', 'jgm@gmail.com'),
('88888888H', 'isantos', 'Irene Santos Santos', 'iss@gmail.com'),
('88888888I', 'squijano', 'Sabela Quijano Jordan', 'sqj.com'),
('99999999A', 'rperez', 'Roi Pérez López', 'rpe@gmail.com'),
('99999999B', 'rpernas', 'Ruben Pernas Rega', 'rpr@gmail.com'),
('99999999C', 'jasouto', 'Jose Antonio Souto Puga', 'jsp@gmail.com'),
('99999999I', 'gpuga', 'Gerardo Puga Barral', 'gpb@gmail.com');



INSERT INTO `Administrador` (`userId`) VALUES
('11111111A'),
('11111111B'),
('22222222B');



INSERT INTO `Pista` (`tipoSuelo`,`horaInicio`,`horaFin`) VALUES
("asfalto","08:00","20:00"),
("asfalto","08:00","20:00"),
("asfalto","08:00","20:00"),
("asfalto","08:00","20:00"),
("asfalto","08:00","20:00"),
("hierba","08:00","20:00"),
("hierba","08:00","20:00"),
("hierba","08:00","20:00"),
("tierra","08:00","20:00"),
("tierra","08:00","20:00");


INSERT INTO `Campeonato` (`idCampeonato`, `nombre`, `maxParticipantes`, `normativa`, `fechaLimite`) VALUES
(1, 'ESEI', 50, '__DIR__/../normatives/Normative.pdf', '2019-01-01 23:59:59'),
(2, 'OPTARIANOS', 50, '__DIR__/../normatives/Normative.pdf', '2019-01-01 23:59:59'),
(3, 'APERSA', 20, '__DIR__/../normatives/Normative.pdf', '2019-01-01 23:59:59'),
(4, 'PEREZ RUMBAO', 30, '__DIR__/../normatives/Normative.pdf', '2019-01-01 23:59:59'),
(5, 'GADIS', 28, '__DIR__/../normatives/Normative.pdf', '2019-01-01 23:59:59'),
(6, 'CIDADE DE OURENSE', 50, '__DIR__/../normatives/Normative.pdf', '2019-01-01 23:59:59'),
(7, 'MILENIO', 36, '__DIR__/../normatives/Normative.pdf', '2019-01-01 23:59:59'),
(8, 'AS BURGAS', 40, '__DIR__/../normatives/Normative.pdf', '2019-01-01 23:59:59'),
(9, 'AURIA', 60, '__DIR__/../normatives/Normative.pdf', '2019-01-01 23:59:59'),
(10, 'KO', 10, '__DIR__/../normatives/Normative.pdf', '2019-01-01 23:59:59');


INSERT INTO `Categoria` (`idCategoria`, `genero`, `nivel`) VALUES
(1, 'M', 1),
(2, 'F', 1),
(3, 'MX', 1),
(4, 'M', 2),
(5, 'F', 2),
(6, 'MX', 2),
(7, 'M', 3),
(8, 'F', 3),
(9, 'MX', 3);


INSERT INTO `Categorias_Campeonato` (`idCampeonato`, `idCategoria`) VALUES
(1, 1),
(1, 2),
(2, 4),
(2, 5);


INSERT INTO `Deportista` (`userId`, `isSocio`, `nivel`, `genero`) VALUES
('11111111A', 1, 2, 'F'),
('11111111B', 1, 2, 'M'),
('11111111C', 1, 2, 'M'),
('11111111D', 0, 2, 'M'),
('11111111E', 0, 2, 'M'),
('11111111F', 0, 2, 'M'),
('11111111G', 0, 2, 'M'),
('11111111H', 1, 1, 'F'),
('11111111I', 1, 1, 'F'),
('22222222A', 1, 1, 'F'),
('22222222B', 1, 2, 'M'),
('22222222C', 0, 2, 'M'),
('22222222D', 0, 2, 'M'),
('22222222E', 1, 2, 'M'),
('22222222F', 1, 2, 'M'),
('22222222G', 1, 2, 'M'),
('22222222H', 1, 2, 'M'),
('22222222I', 1, 1, 'F'),
('33333333A', 1, 1, 'F'),
('33333333B', 1, 1, 'F'),
('33333333C', 1, 3, 'M'),
('33333333D', 0, 3, 'M'),
('33333333E', 0, 3, 'M'),
('33333333F', 0, 3, 'M'),
('33333333G', 0, 3, 'M'),
('33333333H', 0, 3, 'M'),
('33333333I', 0, 3, 'M'),
('44444444A', 1, 1, 'M'),
('44444444B', 1, 1, 'F'),
('44444444C', 1, 1, 'F'),
('44444444D', 1, 1, 'M'),
('44444444E', 1, 1, 'M'),
('44444444F', 1, 1, 'M'),
('44444444G', 1, 1, 'M'),
('44444444H', 1, 1, 'M'),
('44444444I', 1, 1, 'M'),
('55555555A', 0, 3, 'M'),
('55555555B', 0, 3, 'M'),
('55555555E', 1, 3, 'F'),
('55555555F', 0, 3, 'F'),
('55555555G', 1, 3, 'F'),
('55555555H', 0, 3, 'F'),
('55555555I', 0, 3, 'M'),
('66666666A', 1, 1, 'M'),
('66666666B', 1, 1, 'M'),
('66666666C', 1, 1, 'M'),
('66666666F', 0, 1, 'F'),
('66666666G', 1, 1, 'F'),
('66666666H', 0, 1, 'F'),
('66666666I', 1, 1, 'F'),
('77777777A', 0, 3, 'M'),
('77777777B', 0, 3, 'M'),
('77777777C', 0, 3, 'M'),
('77777777D', 0, 3, 'M'),
('77777777G', 0, 3, 'M'),
('77777777H', 0, 3, 'M'),
('77777777I', 1, 3, 'M'),
('88888888A', 0, 1, 'F'),
('88888888B', 1, 1, 'F'),
('88888888H', 1, 1, 'F'),
('88888888I', 1, 1, 'F'),
('99999999A', 0, 2, 'M'),
('99999999B', 1, 2, 'M'),
('99999999C', 0, 2, 'M'),
('99999999I', 1, 2, 'M');



INSERT INTO `Calendario` (`FechaHoraInicio`, `FechaHoraFin`, `idPista`, `userId`, `tipoReserva`) VALUES
('2017-12-01 12:00:00', '2017-12-01 14:00:00', 1, NULL, 'Partido'),
('2017-12-26 12:00:00', '2017-12-26 14:00:00', 1, NULL, 'Partido'),
('2019-01-17 14:00:00', '2019-01-17 15:30:00', 1, NULL, 'Partido'),
('2017-12-11 12:00:00', '2017-12-11 14:00:00', 2, NULL, 'Partido'),
('2017-12-31 14:00:00', '2017-12-31 16:00:00', 2, NULL, 'Partido'),
('2019-01-17 14:00:00', '2019-01-17 15:30:00', 2, NULL, 'Partido'),
('2017-12-06 12:00:00', '2017-12-06 14:00:00', 3, NULL, 'Partido'),
('2017-12-12 12:00:00', '2017-12-12 14:00:00', 3, NULL, 'Partido'),
('2019-01-17 14:00:00', '2019-01-17 15:30:00', 3, NULL, 'Partido'),
('2017-12-23 12:00:00', '2017-12-23 14:00:00', 4, NULL, 'Partido'),
('2019-01-17 14:00:00', '2019-01-17 15:30:00', 4, NULL, 'Partido'),
('2017-12-31 12:00:00', '2017-12-31 14:00:00', 5, NULL, 'Partido'),
('2019-01-17 14:00:00', '2019-01-17 15:30:00', 5, NULL, 'Partido'),
('2019-01-17 14:00:00', '2019-01-17 15:30:00', 6, NULL, 'Partido'),
('2019-01-17 14:00:00', '2019-01-17 15:30:00', 7, NULL, 'Partido'),
('2017-12-23 14:00:00', '2017-12-23 15:00:00', 8, NULL, 'Partido'),
('2019-01-17 14:00:00', '2019-01-17 15:30:00', 8, NULL, 'Partido'),
('2017-12-14 12:00:00', '2017-12-14 14:00:00', 9, NULL, 'Partido'),
('2019-01-17 14:00:00', '2019-01-17 15:30:00', 9, NULL, 'Partido'),
('2017-12-03 12:00:00', '2017-12-03 14:00:00', 10, NULL, 'Partido'),
('2019-01-17 14:00:00', '2019-01-17 15:30:00', 10, NULL, 'Partido'),
('2018-11-30 08:00:00', '2018-11-30 09:30:00', 8, NULL, 'Clase Particular'),
('2018-11-30 09:30:00', '2018-11-30 11:00:00', 8, NULL, 'Clase Particular'),
('2018-11-30 11:00:00', '2018-11-30 12:30:00', 9, NULL, 'Clase Particular'),
('2018-12-31 08:00:00', '2018-12-31 09:30:00', 8, NULL, 'Clase Particular'),
('2018-12-31 09:30:00', '2018-12-31 11:00:00', 8, NULL, 'Clase Particular'),
('2018-12-31 11:00:00', '2018-12-31 12:30:00', 9, NULL, 'Clase Particular'),
('2018-10-01 08:00:00', '2018-10-01 09:30:00', 7, NULL, 'Clase Mensual'),
('2018-10-08 08:00:00', '2018-10-08 09:30:00', 7, NULL, 'Clase Mensual'),
('2018-10-15 08:00:00', '2018-10-15 09:30:00', 7, NULL, 'Clase Mensual'),
('2018-10-22 08:00:00', '2018-10-22 09:30:00', 7, NULL, 'Clase Mensual'),
('2018-10-29 08:00:00', '2018-10-29 09:30:00', 7, NULL, 'Clase Mensual'),
('2019-02-01 08:00:00', '2019-02-01 09:30:00', 1, '11111111B', 'Reserva'),
('2019-01-18 08:00:00', '2019-01-18 09:30:00', 1, '11111111B', 'Reserva'),
('2019-02-01 08:00:00', '2019-02-01 09:30:00', 2, '11111111C', 'Reserva'),
('2019-01-18 08:00:00', '2019-01-18 09:30:00', 2, '11111111C', 'Reserva'),
('2019-02-01 08:00:00', '2019-02-01 09:30:00', 3, '11111111D', 'Reserva'),
('2019-01-18 08:00:00', '2019-01-18 09:30:00', 3, '11111111D', 'Reserva'),
('2019-02-01 08:00:00', '2019-02-01 09:30:00', 4, '11111111E', 'Reserva'),
('2019-01-18 08:00:00', '2019-01-18 09:30:00', 4, '11111111E', 'Reserva'),
('2019-02-01 08:00:00', '2019-02-01 09:30:00', 5, '11111111F', 'Reserva'),
('2019-01-18 08:00:00', '2019-01-18 09:30:00', 5, '11111111F', 'Reserva'),
('2019-02-01 08:00:00', '2019-02-01 09:30:00', 6, '11111111G', 'Reserva'),
('2019-01-18 08:00:00', '2019-01-18 09:30:00', 6, '11111111G', 'Reserva'),
('2019-02-01 08:00:00', '2019-02-01 09:30:00', 7, '11111111H', 'Reserva'),
('2019-01-18 08:00:00', '2019-01-18 09:30:00', 7, '11111111H', 'Reserva'),
('2019-02-01 08:00:00', '2019-02-01 09:30:00', 8, '11111111I', 'Reserva'),
('2019-01-18 08:00:00', '2019-01-18 09:30:00', 8, '11111111I', 'Reserva'),
('2019-02-01 08:00:00', '2019-02-01 09:30:00', 9, '22222222B', 'Reserva'),
('2019-01-18 08:00:00', '2019-01-18 09:30:00', 9, '22222222B', 'Reserva'),
('2019-02-01 08:00:00', '2019-02-01 09:30:00', 10, '22222222C', 'Reserva'),
('2019-01-18 08:00:00', '2019-01-18 09:30:00', 10, '22222222C', 'Reserva'),
('2019-01-15 08:00:00', '2019-01-15 09:30:00', 1, NULL, 'Enfrentamiento'),
('2019-01-15 08:00:00', '2019-01-15 09:30:00', 2, NULL, 'Enfrentamiento'),
('2019-01-15 08:00:00', '2019-01-15 09:30:00', 3, NULL, 'Enfrentamiento'),
('2019-01-15 08:00:00', '2019-01-15 09:30:00', 4, NULL, 'Enfrentamiento'),
('2019-01-15 08:00:00', '2019-01-15 09:30:00', 5, NULL, 'Enfrentamiento'),
('2019-01-15 08:00:00', '2019-01-15 09:30:00', 6, NULL, 'Enfrentamiento'),
('2019-01-15 08:00:00', '2019-01-15 09:30:00', 7, NULL, 'Enfrentamiento'),
('2019-01-15 08:00:00', '2019-01-15 09:30:00', 8, NULL, 'Enfrentamiento'),
('2019-01-15 08:00:00', '2019-01-15 09:30:00', 9, NULL, 'Enfrentamiento'),
('2019-01-15 08:00:00', '2019-01-15 09:30:00', 10, NULL, 'Enfrentamiento'),
('2019-01-15 09:30:00', '2019-01-15 11:00:00', 1, NULL, 'Enfrentamiento'),
('2019-01-15 09:30:00', '2019-01-15 11:00:00', 2, NULL, 'Enfrentamiento'),
('2019-01-15 09:30:00', '2019-01-15 11:00:00', 3, NULL, 'Enfrentamiento'),
('2019-01-15 09:30:00', '2019-01-15 11:00:00', 4, NULL, 'Enfrentamiento'),
('2019-01-15 09:30:00', '2019-01-15 11:00:00', 5, NULL, 'Enfrentamiento'),
('2019-01-15 09:30:00', '2019-01-15 11:00:00', 6, NULL, 'Enfrentamiento'),
('2019-01-15 09:30:00', '2019-01-15 11:00:00', 7, NULL, 'Enfrentamiento'),
('2019-01-15 09:30:00', '2019-01-15 11:00:00', 8, NULL, 'Enfrentamiento'),
('2019-01-15 09:30:00', '2019-01-15 11:00:00', 9, NULL, 'Enfrentamiento'),
('2019-01-15 09:30:00', '2019-01-15 11:00:00', 10, NULL, 'Enfrentamiento'),
('2019-01-15 11:00:00', '2019-01-15 12:30:00', 1, NULL, 'Enfrentamiento'),
('2019-01-15 11:00:00', '2019-01-15 12:30:00', 2, NULL, 'Enfrentamiento'),
('2019-01-15 11:00:00', '2019-01-15 12:30:00', 3, NULL, 'Enfrentamiento'),
('2019-01-15 11:00:00', '2019-01-15 12:30:00', 4, NULL, 'Enfrentamiento'),
('2019-01-15 11:00:00', '2019-01-15 12:30:00', 5, NULL, 'Enfrentamiento'),
('2019-01-15 11:00:00', '2019-01-15 12:30:00', 6, NULL, 'Enfrentamiento'),
('2019-01-15 11:00:00', '2019-01-15 12:30:00', 7, NULL, 'Enfrentamiento'),
('2019-01-15 11:00:00', '2019-01-15 12:30:00', 8, NULL, 'Enfrentamiento'),
('2019-01-15 11:00:00', '2019-01-15 12:30:00', 9, NULL, 'Enfrentamiento'),
('2019-01-15 11:00:00', '2019-01-15 12:30:00', 10, NULL, 'Enfrentamiento'),
('2019-01-15 12:30:00', '2019-01-15 13:00:00', 1, NULL, 'Enfrentamiento'),
('2019-01-15 12:30:00', '2019-01-15 13:00:00', 2, NULL, 'Enfrentamiento'),
('2019-01-15 12:30:00', '2019-01-15 13:00:00', 3, NULL, 'Enfrentamiento'),
('2019-01-15 12:30:00', '2019-01-15 13:00:00', 4, NULL, 'Enfrentamiento'),
('2019-01-15 12:30:00', '2019-01-15 13:00:00', 5, NULL, 'Enfrentamiento'),
('2019-01-15 12:30:00', '2019-01-15 13:00:00', 6, NULL, 'Enfrentamiento'),
('2019-01-15 12:30:00', '2019-01-15 13:00:00', 7, NULL, 'Enfrentamiento'),
('2019-01-15 12:30:00', '2019-01-15 13:00:00', 8, NULL, 'Enfrentamiento'),
('2019-01-15 14:00:00', '2019-01-15 15:30:00', 1, NULL, 'Enfrentamiento'),
('2019-01-15 14:00:00', '2019-01-15 15:30:00', 2, NULL, 'Enfrentamiento'),
('2019-01-15 14:00:00', '2019-01-15 15:30:00', 3, NULL, 'Enfrentamiento'),
('2019-01-15 14:00:00', '2019-01-15 15:30:00', 4, NULL, 'Enfrentamiento'),
('2019-01-15 14:00:00', '2019-01-15 15:30:00', 5, NULL, 'Enfrentamiento'),
('2019-01-15 14:00:00', '2019-01-15 15:30:00', 6, NULL, 'Enfrentamiento'),
('2019-01-15 14:00:00', '2019-01-15 15:30:00', 7, NULL, 'Enfrentamiento'),
('2019-01-15 14:00:00', '2019-01-15 15:30:00', 8, NULL, 'Enfrentamiento'),
('2019-01-15 14:00:00', '2019-01-15 15:30:00', 9, NULL, 'Enfrentamiento'),
('2019-01-15 14:00:00', '2019-01-15 15:30:00', 10, NULL, 'Enfrentamiento'),
('2019-01-15 15:30:00', '2019-01-15 17:00:00', 1, NULL, 'Enfrentamiento'),
('2019-01-15 15:30:00', '2019-01-15 17:00:00', 2, NULL, 'Enfrentamiento'),
('2019-01-15 15:30:00', '2019-01-15 17:00:00', 3, NULL, 'Enfrentamiento'),
('2019-01-15 15:30:00', '2019-01-15 17:00:00', 4, NULL, 'Enfrentamiento'),
('2019-01-15 15:30:00', '2019-01-15 17:00:00', 5, NULL, 'Enfrentamiento'),
('2019-01-15 15:30:00', '2019-01-15 17:00:00', 6, NULL, 'Enfrentamiento'),
('2019-01-15 15:30:00', '2019-01-15 17:00:00', 7, NULL, 'Enfrentamiento'),
('2019-01-15 15:30:00', '2019-01-15 17:00:00', 8, NULL, 'Enfrentamiento'),
('2019-01-15 15:30:00', '2019-01-15 17:00:00', 9, NULL, 'Enfrentamiento'),
('2019-01-15 15:30:00', '2019-01-15 17:00:00', 10, NULL, 'Enfrentamiento'),
('2019-01-15 17:00:00', '2019-01-15 18:30:00', 1, NULL, 'Enfrentamiento'),
('2019-01-15 17:00:00', '2019-01-15 18:30:00', 2, NULL, 'Enfrentamiento'),
('2019-01-15 17:00:00', '2019-01-15 18:30:00', 3, NULL, 'Enfrentamiento'),
('2019-01-15 17:00:00', '2019-01-15 18:30:00', 4, NULL, 'Enfrentamiento'),
('2019-01-15 17:00:00', '2019-01-15 18:30:00', 5, NULL, 'Enfrentamiento'),
('2019-01-15 17:00:00', '2019-01-15 18:30:00', 6, NULL, 'Enfrentamiento'),
('2019-01-15 17:00:00', '2019-01-15 18:30:00', 7, NULL, 'Enfrentamiento'),
('2019-01-15 17:00:00', '2019-01-15 18:30:00', 8, NULL, 'Enfrentamiento'),
('2019-01-15 17:00:00', '2019-01-15 18:30:00', 9, NULL, 'Enfrentamiento'),
('2019-01-15 17:00:00', '2019-01-15 18:30:00', 10, NULL, 'Enfrentamiento'),
('2019-01-15 18:30:00', '2019-01-15 20:00:00', 1, NULL, 'Enfrentamiento'),
('2019-01-15 18:30:00', '2019-01-15 20:00:00', 2, NULL, 'Enfrentamiento'),
('2019-01-15 18:30:00', '2019-01-15 20:00:00', 3, NULL, 'Enfrentamiento'),
('2019-01-15 18:30:00', '2019-01-15 20:00:00', 4, NULL, 'Enfrentamiento'),
('2019-01-14 08:00:00', '2019-01-14 09:30:00', 1, NULL, 'Enfrentamiento'),
('2019-01-14 08:00:00', '2019-01-14 09:30:00', 2, NULL, 'Enfrentamiento'),
('2019-01-14 08:00:00', '2019-01-14 09:30:00', 3, NULL, 'Enfrentamiento'),
('2019-01-14 08:00:00', '2019-01-14 09:30:00', 4, NULL, 'Enfrentamiento'),
('2019-01-14 08:00:00', '2019-01-14 09:30:00', 5, NULL, 'Enfrentamiento'),
('2019-01-14 08:00:00', '2019-01-14 09:30:00', 6, NULL, 'Enfrentamiento'),
('2019-01-14 08:00:00', '2019-01-14 09:30:00', 7, NULL, 'Enfrentamiento'),
('2019-01-14 08:00:00', '2019-01-14 09:30:00', 8, NULL, 'Enfrentamiento'),
('2019-01-14 09:30:00', '2019-01-14 11:00:00', 1, NULL, 'Enfrentamiento'),
('2019-01-14 09:30:00', '2019-01-14 11:00:00', 2, NULL, 'Enfrentamiento'),
('2019-01-14 09:30:00', '2019-01-14 11:00:00', 3, NULL, 'Enfrentamiento'),
('2019-01-14 09:30:00', '2019-01-14 11:00:00', 4, NULL, 'Enfrentamiento'),
('2019-01-14 09:30:00', '2019-01-14 11:00:00', 5, NULL, 'Enfrentamiento'),
('2019-01-14 09:30:00', '2019-01-14 11:00:00', 6, NULL, 'Enfrentamiento'),
('2019-01-14 09:30:00', '2019-01-14 11:00:00', 7, NULL, 'Enfrentamiento'),
('2019-01-14 09:30:00', '2019-01-14 11:00:00', 8, NULL, 'Enfrentamiento'),
('2019-01-14 09:30:00', '2019-01-14 11:00:00', 9, NULL, 'Enfrentamiento'),
('2019-01-14 09:30:00', '2019-01-14 11:00:00', 10, NULL, 'Enfrentamiento'),
('2019-01-14 11:00:00', '2019-01-14 12:30:00', 1, NULL, 'Enfrentamiento'),
('2019-01-14 11:00:00', '2019-01-14 12:30:00', 2, NULL, 'Enfrentamiento'),
('2019-01-14 11:00:00', '2019-01-14 12:30:00', 3, NULL, 'Enfrentamiento'),
('2019-01-14 11:00:00', '2019-01-14 12:30:00', 4, NULL, 'Enfrentamiento'),
('2019-01-19 08:00:00', '2019-01-19 09:30:00', 1, NULL, 'Enfrentamiento'),
('2019-01-19 09:30:00', '2019-01-19 11:00:00', 1, NULL, 'Enfrentamiento'),
('2019-01-19 11:00:00', '2019-01-19 12:30:00', 1, NULL, 'Enfrentamiento');

INSERT INTO `Partido` (`idPartido`, `horario`, `idPista`) VALUES
(1, '2018-10-01 11:00:00', 1),
(2, '2018-10-01 12:30:00', 1),
(3, '2018-10-01 14:00:00', 1),
(4, '2018-10-01 15:30:00', 1),
(5, '2018-10-02 09:30:00', 1),
(6, '2018-10-02 11:00:00', 1),
(7, '2018-10-02 14:00:00', 1),
(8, '2018-10-03 14:00:00', 1),
(9, '2018-10-03 15:30:00', 1),
(10, '2018-10-05 14:00:00', 1);


INSERT INTO `Deportistas_Partido` (`idPartido`, `userId`) VALUES
(1, '11111111A'),
(10, '11111111B'),
(2, '22222222B'),
(3, '33333333C'),
(4, '44444444D'),
(5, '55555555E'),
(6, '66666666F'),
(7, '77777777G'),
(8, '88888888H'),
(9, '99999999I');

INSERT INTO `Grupo` (`idGrupo`, `idCampeonato`, `idCategoria`) VALUES
(1, 1, 1),
(2, 1, 1),
(3, 1, 2);


INSERT INTO `Pareja` (`idPareja`, `capitan`, `par`, `idGrupo`) VALUES
(1, '22222222B', '33333333C', 1),
(2, '44444444D', '77777777G', 1),
(3, '99999999I', '11111111B', 1),
(4, '22222222C', '33333333D', 1),
(5, '44444444E', '77777777H', 1),
(6, '99999999A', '11111111C', 1),
(7, '22222222D', '33333333E', 1),
(8, '44444444F', '77777777I', 1),
(9, '99999999B', '11111111D', 1),
(10, '22222222E', '33333333F', 1),
(11, '44444444G', '77777777A', 1),
(12, '99999999C', '11111111E', 2),
(13, '22222222F', '33333333G', 2),
(14, '44444444H', '55555555I', 2),
(15, '66666666A', '77777777B', 2),
(16, '11111111F', '22222222G', 2),
(17, '33333333H', '44444444I', 2),
(19, '55555555A', '66666666B', 2),
(20, '77777777C', '11111111G', 2),
(21, '22222222H', '33333333I', 2),
(22, '44444444A', '55555555B', 2),
(23, '66666666C', '77777777D', 2),
(24, '11111111A', '55555555E', 3),
(25, '66666666F', '88888888H', 3),
(26, '11111111H', '22222222I', 3),
(27, '33333333A', '44444444B', 3),
(28, '11111111I', '22222222A', NULL),
(29, '33333333B', '44444444C', 3),
(30, '22222222B', '77777777G', NULL),
(31, '33333333C', '44444444D', NULL),
(32, '99999999I', '33333333D', NULL),
(33, '11111111B', '22222222C', NULL),
(34, '44444444E', '11111111C', NULL),
(35, '77777777H', '99999999A', NULL),
(36, '22222222D', '77777777I', NULL),
(37, '99999999B', '33333333F', NULL),
(38, '11111111D', '22222222E', NULL),
(39, '44444444G', '11111111E', NULL),
(40, '77777777A', '99999999C', NULL),
(41, '22222222F', '55555555I', NULL),
(42, '33333333G', '44444444H', NULL),
(43, '66666666A', '22222222G', NULL),
(44, '77777777B', '11111111F', NULL),
(45, '33333333H', '66666666B', NULL),
(46, '44444444I', '55555555A', NULL),
(47, '77777777C', '33333333I', NULL),
(48, '11111111G', '22222222H', NULL),
(49, '44444444A', '77777777D', NULL),
(50, '55555555B', '66666666C', NULL),
(51, '11111111A', '88888888H', NULL),
(52, '55555555E', '66666666F', NULL),
(53, '11111111H', '44444444B', NULL),
(54, '22222222I', '33333333A', NULL),
(55, '11111111I', '44444444C', NULL),
(56, '22222222A', '33333333B', NULL);


INSERT INTO `Parejas_Categoria` (`idPareja`, `idCategoria`, `idCampeonato`) VALUES
(1, 1, 1),
(2, 1, 1),
(3, 1, 1),
(4, 1, 1),
(5, 1, 1),
(6, 1, 1),
(7, 1, 1),
(8, 1, 1),
(9, 1, 1),
(10, 1, 1),
(11, 1, 1),
(12, 1, 1),
(13, 1, 1),
(14, 1, 1),
(15, 1, 1),
(16, 1, 1),
(17, 1, 1),
(19, 1, 1),
(20, 1, 1),
(21, 1, 1),
(22, 1, 1),
(23, 1, 1),
(28, 1, 1),
(24, 2, 1),
(25, 2, 1),
(26, 2, 1),
(27, 2, 1),
(29, 2, 1),
(30, 4, 2),
(31, 4, 2),
(32, 4, 2),
(33, 4, 2),
(34, 4, 2),
(35, 4, 2),
(36, 4, 2),
(37, 4, 2),
(38, 4, 2),
(39, 4, 2),
(40, 4, 2),
(41, 4, 2),
(42, 4, 2),
(43, 4, 2),
(44, 4, 2),
(45, 4, 2),
(46, 4, 2),
(47, 4, 2),
(48, 4, 2),
(49, 4, 2),
(50, 4, 2),
(51, 5, 2),
(52, 5, 2),
(53, 5, 2);



INSERT INTO `Parejas_Grupo` (`idGrupo`, `idPareja`) VALUES
(1, 1),
(1, 2),
(1, 3),
(1, 4),
(1, 5),
(1, 6),
(1, 7),
(1, 8),
(1, 9),
(1, 10),
(1, 11),
(2, 12),
(2, 13),
(2, 14),
(2, 15),
(2, 16),
(2, 17),
(2, 19),
(2, 20),
(2, 21),
(2, 22),
(2, 23),
(3, 24),
(3, 25),
(3, 26),
(3, 27),
(3, 29);


INSERT INTO `Enfrentamiento` (`idEnfrentamiento`, `resultado`, `idPareja1`, `idPareja2`, `idGrupo`, `idPista`, `horario`, `ganador`,`ronda`) VALUES
(1, '6-2/6-0', 1, 2, 1, 1, '2019-01-15 08:00:00', 1, 'G'),
(2, '2-6/4-6', 1, 3, 1, 2, '2019-01-15 08:00:00', 3, 'G'),
(3, '6-2/2-6/6-0', 1, 4, 1, 3, '2019-01-15 08:00:00', 4, 'G'),
(4, '2-6/4-6', 1, 5, 1, 4, '2019-01-15 08:00:00', 5, 'G'),
(5, '6-2/2-6/6-2', 1, 6, 1, 5, '2019-01-15 08:00:00', 7, 'G'),
(6, '6-2/2-6/6-0', 1, 7, 1, 6, '2019-01-15 08:00:00', 7, 'G'),
(7, '6-2/2-6/6-0', 1, 8, 1, 7, '2019-01-15 08:00:00', 8, 'G'),
(8, '6-2/6-0', 1, 9, 1, 8, '2019-01-15 08:00:00', 9, 'G'),
(9, '2-6/4-6', 1, 10, 1, 9, '2019-01-15 08:00:00', 10, 'G'),
(10, '6-2/6-0', 1, 11, 1, 10, '2019-01-15 08:00:00', 10, 'G'),
(11, '6-2/2-6/6-2', 2, 3, 1, 1, '2019-01-15 09:30:00', 11, 'G'),
(12, '6-2/2-6/6-0', 2, 4, 1, 2, '2019-01-15 09:30:00', 12, 'G'),
(13, '6-2/2-6/6-2', 2, 5, 1, 3, '2019-01-15 09:30:00', 13, 'G'),
(14, '6-2/2-6/6-2', 2, 6, 1, 4, '2019-01-15 09:30:00', 13, 'G'),
(15, '2-6/4-6', 2, 7, 1, 5, '2019-01-15 09:30:00', 14, 'G'),
(16, '6-2/2-6/6-0', 2, 8, 1, 6, '2019-01-15 09:30:00', 15, 'G'),
(17, '2-6/4-6', 2, 9, 1, 7, '2019-01-15 09:30:00', 16, 'G'),
(18, '6-2/2-6/6-0', 2, 10, 1, 8, '2019-01-15 09:30:00', 17, 'G'),
(19, '6-2/2-6/6-2', 2, 11, 1, 9, '2019-01-15 09:30:00', 18, 'G'),
(20, '2-6/4-6', 3, 4, 1, 10, '2019-01-15 09:30:00', 19, 'G'),
(21, '6-2/2-6/6-2', 3, 5, 1, 1, '2019-01-15 11:00:00', 20, 'G'),
(22, '6-2/2-6/6-0', 3, 6, 1, 2, '2019-01-15 11:00:00', 21, 'G'),
(23, '6-2/6-0', 3, 7, 1, 3, '2019-01-15 11:00:00', 22, 'G'),
(24, '6-2/6-0', 3, 8, 1, 4, '2019-01-15 11:00:00', 1, 'G'),
(25, '6-2/2-6/6-0', 3, 9, 1, 5, '2019-01-15 11:00:00', 2, 'G'),
(26, '6-2/2-6/6-0', 3, 10, 1, 6, '2019-01-15 11:00:00', 3, 'G'),
(27, '2-6/4-6', 3, 11, 1, 7, '2019-01-15 11:00:00', 4, 'G'),
(28, '6-2/6-0', 4, 5, 1, 8, '2019-01-15 11:00:00', 5, 'G'),
(29, '6-2/2-6/6-0', 4, 6, 1, 9, '2019-01-15 11:00:00', 6, 'G'),
(30, '6-2/2-6/6-0', 4, 7, 1, 10, '2019-01-15 11:00:00', 7, 'G'),
(31, '2-6/4-6', 4, 8, 1, 1, '2019-01-15 12:30:00', 8, 'G'),
(32, '6-2/6-0', 4, 9, 1, 2, '2019-01-15 12:30:00', 9, 'G'),
(33, '6-2/2-6/6-2', 4, 10, 1, 3, '2019-01-15 12:30:00', 10, 'G'),
(34, '2-6/4-6', 4, 11, 1, 4, '2019-01-15 12:30:00', 11, 'G'),
(35, '6-2/2-6/6-2', 5, 6, 1, 5, '2019-01-15 12:30:00', 12, 'G'),
(36, '6-2/2-6/6-0', 5, 7, 1, 6, '2019-01-15 12:30:00', 13, 'G'),
(37, '6-2/6-0', 5, 8, 1, 7, '2019-01-15 12:30:00', 14, 'G'),
(38, '6-2/2-6/6-0', 5, 9, 1, 8, '2019-01-15 12:30:00', 15, 'G'),
(39, '6-2/6-0', 5, 10, 1, 1, '2019-01-14 09:30:00', 5, 'G'),
(40, '6-2/6-0', 5, 11, 1, 2, '2019-01-14 09:30:00', 5, 'G'),
(41, '6-2/6-0', 6, 7, 1, 3, '2019-01-14 09:30:00', 6, 'G'),
(42, '6-2/6-0', 6, 8, 1, 4, '2019-01-14 09:30:00', 6, 'G'),
(43, '6-2/6-0', 6, 9, 1, 5, '2019-01-14 09:30:00', 6, 'G'),
(44, '6-2/6-0', 6, 10, 1, 6, '2019-01-14 09:30:00', 6, 'G'),
(45, '6-2/6-0', 6, 11, 1, 7, '2019-01-14 09:30:00', 6, 'G'),
(46, '6-2/6-0', 7, 8, 1, 8, '2019-01-14 09:30:00', 7, 'G'),
(47, '6-2/6-0', 7, 9, 1, 9, '2019-01-14 09:30:00', 7, 'G'),
(48, '6-2/6-0', 7, 10, 1, 10, '2019-01-14 09:30:00', 7, 'G'),
(49, '6-2/6-0', 7, 11, 1, 1, '2019-01-14 11:00:00', 7, 'G'),
(50, '6-2/6-0', 8, 9, 1, 2, '2019-01-14 11:00:00', 8, 'G'),
(51, '6-2/6-0', 8, 10, 1, 3, '2019-01-14 11:00:00', 8, 'G'),
(52, '6-2/6-0', 8, 11, 1, 4, '2019-01-14 11:00:00', 8, 'G'),
(53, NULL, 9, 10, 1, 1, '2019-01-16 08:00:00', NULL, 'G'),
(54, NULL, 9, 11, 1, 1, '2019-01-16 09:30:00', NULL, 'G'),
(55, NULL, 10, 11, 1, 1, '2019-01-16 11:00:00', NULL, 'G'),
(56, '6-2/2-6/6-0', 12, 13, 2, 1, '2019-01-15 14:00:00', 12, 'G'),
(57, '6-2/2-6/6-0', 12, 14, 2, 2, '2019-01-15 14:00:00', 13, 'G'),
(58, '6-2/6-0', 12, 15, 2, 3, '2019-01-15 14:00:00', 14, 'G'),
(59, '2-6/4-6', 12, 16, 2, 4, '2019-01-15 14:00:00', 15, 'G'),
(60, '6-2/6-0', 12, 17, 2, 5, '2019-01-15 14:00:00', 16, 'G'),
(61, '6-2/2-6/6-0', 12, 19, 2, 6, '2019-01-15 14:00:00', 17, 'G'),
(62, '2-6/4-6', 12, 20, 2, 7, '2019-01-15 14:00:00', 18, 'G'),
(63, '6-2/6-0', 12, 21, 2, 8, '2019-01-15 14:00:00', 19, 'G'),
(64, '6-2/2-6/6-0', 12, 22, 2, 9, '2019-01-15 14:00:00', 20, 'G'),
(65, '6-2/2-6/6-2', 12, 23, 2, 10, '2019-01-15 14:00:00', 21, 'G'),
(66, '2-6/4-6', 13, 14, 2, 1, '2019-01-15 15:30:00', 22, 'G'),
(67, '6-2/2-6/6-0', 13, 15, 2, 2, '2019-01-15 15:30:00', 18, 'G'),
(68, '6-2/2-6/6-2', 13, 16, 2, 3, '2019-01-15 15:30:00', 19, 'G'),
(69, '6-2/2-6/6-0', 13, 17, 2, 4, '2019-01-15 15:30:00', 20, 'G'),
(70, '6-2/6-0', 13, 19, 2, 5, '2019-01-15 15:30:00', 21, 'G'),
(71, '6-2/2-6/6-0', 13, 20, 2, 6, '2019-01-15 15:30:00', 22, 'G'),
(72, '6-2/2-6/6-2', 13, 21, 2, 7, '2019-01-15 15:30:00', 23, 'G'),
(73, '6-2/2-6/6-0', 13, 22, 2, 8, '2019-01-15 15:30:00', 24, 'G'),
(74, '6-2/6-0', 13, 23, 2, 9, '2019-01-15 15:30:00', 25, 'G'),
(75, '6-2/6-0', 14, 15, 2, 10, '2019-01-15 15:30:00', 26, 'G'),
(76, '2-6/4-6', 14, 16, 2, 1, '2019-01-15 17:00:00', 22, 'G'),
(77, '6-2/2-6/6-0', 14, 17, 2, 2, '2019-01-15 17:00:00', 21, 'G'),
(78, '6-2/6-0', 14, 19, 2, 3, '2019-01-15 17:00:00', 20, 'G'),
(79, '6-2/6-0', 14, 20, 2, 4, '2019-01-15 17:00:00', 19, 'G'),
(80, '6-2/2-6/6-0', 14, 21, 2, 5, '2019-01-15 17:00:00', 18, 'G'),
(81, '6-2/2-6/6-0', 14, 22, 2, 6, '2019-01-15 17:00:00', 17, 'G'),
(82, '6-2/6-0', 14, 23, 2, 7, '2019-01-15 17:00:00', 16, 'G'),
(83, '6-2/6-0', 15, 16, 2, 8, '2019-01-15 17:00:00', 15, 'G'),
(84, '6-2/2-6/6-0', 15, 17, 2, 9, '2019-01-15 17:00:00', 1, 'G'),
(85, '2-6/4-6', 15, 19, 2, 10, '2019-01-15 17:00:00', 12, 'G'),
(86, '6-2/6-0', 15, 20, 2, 1, '2019-01-15 18:30:00', 13, 'G'),
(87, '6-2/2-6/6-2', 15, 21, 2, 2, '2019-01-15 18:30:00', 15, 'G'),
(88, '6-2/2-6/6-0', 15, 22, 2, 3, '2019-01-15 18:30:00', 16, 'G'),
(89, '6-2/2-6/6-0', 15, 23, 2, 4, '2019-01-15 18:30:00', 17, 'G'),
(90, NULL, 16, 17, 2, NULL, NULL, NULL, 'G'),
(91, NULL, 16, 19, 2, NULL, NULL, NULL, 'G'),
(92, NULL, 16, 20, 2, NULL, NULL, NULL, 'G'),
(93, NULL, 16, 21, 2, NULL, NULL, NULL, 'G'),
(94, NULL, 16, 22, 2, NULL, NULL, NULL, 'G'),
(95, NULL, 16, 23, 2, NULL, NULL, NULL, 'G'),
(96, NULL, 17, 19, 2, NULL, NULL, NULL, 'G'),
(97, NULL, 17, 20, 2, NULL, NULL, NULL, 'G'),
(98, NULL, 17, 21, 2, NULL, NULL, NULL, 'G'),
(99, NULL, 17, 22, 2, NULL, NULL, NULL, 'G'),
(100, NULL, 17, 23, 2, NULL, NULL, NULL, 'G'),
(101, NULL, 19, 20, 2, NULL, NULL, NULL, 'G'),
(102, NULL, 19, 21, 2, NULL, NULL, NULL, 'G'),
(103, NULL, 19, 22, 2, NULL, NULL, NULL, 'G'),
(104, NULL, 19, 23, 2, NULL, NULL, NULL, 'G'),
(105, NULL, 20, 21, 2, NULL, NULL, NULL, 'G'),
(106, NULL, 20, 22, 2, NULL, NULL, NULL, 'G'),
(107, NULL, 20, 23, 2, NULL, NULL, NULL, 'G'),
(108, NULL, 21, 22, 2, NULL, NULL, NULL, 'G'),
(109, NULL, 21, 23, 2, NULL, NULL, NULL, 'G'),
(110, NULL, 22, 23, 2, NULL, NULL, NULL, 'G'),
(111, '6-2/6-0', 24, 25, 3, 1, '2019-01-14 08:00:00', 24, 'G'),
(112, '2-6/4-6', 24, 26, 3, 2, '2019-01-14 08:00:00', 24, 'G'),
(113, '6-2/6-0', 24, 27, 3, 3, '2019-01-14 08:00:00', 24, 'G'),
(114, '6-2/2-6/6-2', 24, 29, 3, 4, '2019-01-14 08:00:00', 24, 'G'),
(115, '6-2/6-0', 25, 26, 3, 5, '2019-01-14 08:00:00', 24, 'G'),
(116, '6-2/2-6/6-2', 25, 27, 3, 6, '2019-01-14 08:00:00', 24, 'G'),
(117, '6-2/6-0', 25, 29, 3, 7, '2019-01-14 08:00:00', 25, 'G'),
(118, '2-6/4-6', 26, 27, 3, 8, '2019-01-14 08:00:00', 25, 'G'),
(119, NULL, 26, 29, 3, NULL, NULL, NULL, 'G'),
(120, NULL, 27, 29, 3, NULL, NULL, NULL, 'G');


INSERT INTO `Entrenador` (`userId`) VALUES
('11111111A');


INSERT INTO `Clase` (`nivel`, `creador`, `idEntrenador`, `horario`) VALUES
(1,  '11111111A', '11111111A', '2019-02-01 08:00:00'),
(2,  '11111111A', '11111111A', '2019-01-18 08:00:00'),
(3,  '11111111A', '11111111A', '2018-11-21 08:00:00'),
(1,  '11111111A', '11111111A', '2019-02-01 08:00:00'),
(1,  '11111111A', '11111111A', '2019-01-18 08:00:00'),
(1,  '11111111A', '11111111A', '2018-11-21 08:00:00'),
(1,  '11111111A', '11111111A', '2018-10-01 08:00:00');

INSERT INTO `Calendario_Clase` (`idClase`, `idCalendario`) VALUES
(1, 22),
(2, 23),
(3, 24),
(4, 25),
(5, 26),
(6, 27),
(7, 28),
(7, 29),
(7, 30),
(7, 31),
(7, 32);

INSERT INTO `Deportistas_Clase` (`userId`, `idClase`) VALUES
('77777777B', 1),
('77777777B', 2),
('77777777B', 3),
('77777777C', 1),
('77777777C', 2),
('77777777C', 3),
('77777777B', 7),
('77777777C', 7),
('77777777D', 7),
('77777777D', 4);


INSERT INTO `Asistencia` (`userId`, `idClase`, `fecha`, `control`) VALUES
('77777777B', 1, '2019-02-01 08:00:00', 0),
('77777777C', 1, '2019-02-01 08:00:00', 0),
('77777777B', 7, '2018-10-01 08:00:00', 0),
('77777777C', 7, '2018-10-01 08:00:00', 0),
('77777777D', 7, '2018-10-01 08:00:00', 0);

INSERT INTO `FechasPreseleccionadas` (`fecha`, `idEnfrentamiento`) VALUES
('2019-01-16 08:00:00', 53);